{"root_path": "/usr/home/kop/", "video_path": "/usr/home/kop/datasets/EgoGesture", "whole_path": "video_kinetics_jpg", "annotation_path": "/usr/home/kop/Efficient-3DCNNs-Ahmet/annotation_EgoGesture/egogestureall.json", "result_path": "/usr/home/kop/Efficient-3DCNNs-Ahmet/results", "store_name": "model", "modality": "Depth", "modality_det": "Depth", "modality_clf": "Depth", "dataset": "egogesture", "n_classes_det": 2, "n_finetune_classes_det": 2, "n_classes_clf": 83, "n_finetune_classes_clf": 83, "n_classes": 83, "n_finetune_classes": 83, "sample_size": 112, "sample_duration_det": 8, "sample_duration_clf": 32, "sample_duration": 32, "initial_scale": 1.0, "n_scales": 5, "scale_step": 0.84089641525, "train_crop": "random", "learning_rate": 0.1, "lr_steps": [10, 20, 30, 40, 100], "momentum": 0.9, "dampening": 0.9, "weight_decay": 0.001, "mean_dataset": "activitynet", "no_mean_norm": false, "std_norm": false, "nesterov": false, "optimizer": "sgd", "lr_patience": 10, "batch_size": 1, "n_epochs": 200, "begin_epoch": 1, "n_val_samples": 1, "resume_path_det": "Efficient-3DCNNs-Ahmet/results/shared/egogesture_resnetl_10_Depth_8.pth", "resume_path_clf": "Efficient-3DCNNs-Ahmet/results/egogesture_resnext_101_Depth_32.pth", "resume_path": "/usr/home/kop/Efficient-3DCNNs-Ahmet/results/egogesture_resnext_101_Depth_32.pth", "pretrain_path_det": "", "pretrain_path_clf": "", "pretrain_path": "", "ft_begin_index": 0, "no_train": false, "no_val": false, "test": true, "test_subset": "test", "scale_in_test": 1.0, "crop_position_in_test": "c", "no_softmax_in_test": false, "no_cuda": false, "n_threads": 16, "checkpoint": 1, "no_hflip": false, "norm_value": 1, "model_det": "resnetl", "model_depth_det": 10, "resnet_shortcut_det": "A", "wide_resnet_k_det": 2, "resnext_cardinality_det": 32, "model": "resnext", "model_depth": 101, "resnet_shortcut": "B", "wide_resnet_k": 2, "resnext_cardinality": 32, "model_clf": "resnext", "model_depth_clf": 101, "resnet_shortcut_clf": "B", "wide_resnet_k_clf": 2, "resnext_cardinality_clf": 32, "width_mult": 1.0, "width_mult_det": 0.5, "width_mult_clf": 1.0, "manual_seed": 1, "det_strategy": "median", "det_queue_size": 4, "det_counter": 2.0, "clf_strategy": "median", "clf_queue_size": 32, "clf_threshold_pre": 1.0, "clf_threshold_final": 0.15, "stride_len": 1, "ft_portion": "complete", "groups": 3, "downsample": 1, "scales": [1.0, 0.84089641525, 0.7071067811803005, 0.5946035574934808, 0.4999999999911653], "arch": "resnext", "mean": [114.7748, 107.7354, 99.475], "std": [38.7568578, 37.88248729, 40.02898126]}