{"root_path": "/usr/home/kop/", "video_path": "/usr/home/kop/datasets/EgoGesture", "annotation_path": "/usr/home/kop/Real-time-GesRec-2/annotation_EgoGesture/egogestureall_but_None.json", "result_path": "/usr/home/kop/Real-time-GesRec-2/results", "store_name": "egogesture_shufflenet_0.5x_Depth_32", "modality": "Depth", "pretrain_modality": "RGB", "dataset": "egogesture", "n_classes": 27, "n_finetune_classes": 83, "sample_size": 112, "sample_duration": 32, "downsample": 1, "initial_scale": 1.0, "n_scales": 5, "scale_step": 0.84089641525, "train_crop": "random", "learning_rate": 0.01, "lr_steps": [15, 25, 35, 45, 60, 50, 200, 250], "momentum": 0.9, "dampening": 0.9, "weight_decay": 0.001, "mean_dataset": "activitynet", "no_mean_norm": false, "std_norm": false, "nesterov": false, "optimizer": "sgd", "lr_patience": 10, "batch_size": 24, "n_epochs": 60, "begin_epoch": 1, "n_val_samples": 1, "resume_path": "", "pretrain_path": "/usr/home/kop/Efficient-3DCNNs-Ahmet/results/jester_shufflenet_0.5x_G3_RGB_16_best.pth", "ft_portion": "complete", "no_train": false, "no_val": false, "test": false, "test_subset": "val", "scale_in_test": 1.0, "crop_position_in_test": "c", "no_softmax_in_test": false, "no_cuda": false, "n_threads": 16, "checkpoint": 1, "no_hflip": false, "norm_value": 1, "model": "shufflenet", "version": 1.1, "model_depth": 101, "resnet_shortcut": "B", "wide_resnet_k": 2, "resnext_cardinality": 16, "groups": 3, "width_mult": 0.5, "manual_seed": 1, "train_validate": false, "scales": [1.0, 0.84089641525, 0.7071067811803005, 0.5946035574934808, 0.4999999999911653], "arch": "shufflenet", "mean": [114.7748, 107.7354, 99.475], "std": [38.7568578, 37.88248729, 40.02898126]}